{"trial_data": [["{\n  \"stub\": false,\n  \"trainable_name\": \"TorchTrainer\",\n  \"trial_id\": \"b9706_00000\",\n  \"storage\": {\n    \"_type\": \"CLOUDPICKLE_FALLBACK\",\n    \"value\": \"80059582030000000000008c1b7261792e747261696e2e5f696e7465726e616c2e73746f72616765948c0e53746f72616765436f6e746578749493942981947d94288c12637573746f6d5f66735f70726f766964656494898c136578706572696d656e745f6469725f6e616d65948c1363696661725f746573745f747261696e696e67948c0e747269616c5f6469725f6e616d65948c96546f726368547261696e65725f62393730365f30303030305f305f62617463685f73697a653d3235362c646174615f6469723d705f70726f6a656374315f696e7465727477696e5f727565747467657273315f48504f5f697477696e61695f7475746f7269616c735f68706f5f746f7263682d7475746f7269616c2d302d626173695f323032342d30362d32375f31312d31342d3538948c1863757272656e745f636865636b706f696e745f696e646578944affffffff8c0b73796e635f636f6e666967948c097261792e747261696e948c0a53796e63436f6e6669679493942981947d94288c0b73796e635f706572696f64944d2c018c0c73796e635f74696d656f7574944d08078c0e73796e635f61727469666163747394898c1c73796e635f6172746966616374735f6f6e5f636865636b706f696e7494888c0a75706c6f61645f646972948c0a44455052454341544544948c0673796e6365729468168c1273796e635f6f6e5f636865636b706f696e7494681675628c1273746f726167655f66696c6573797374656d948c0b70796172726f772e5f6673948c1c4c6f63616c46696c6553797374656d2e5f7265636f6e7374727563749493947d948c087573655f6d6d6170948973859452948c0f73746f726167655f66735f70617468948c5e2f702f70726f6a656374312f696e7465727477696e2f727565747467657273312f48504f2f697477696e61692f7475746f7269616c732f68706f2f746f7263682d7475746f7269616c2d302d6261736963732f7261795f726573756c747394681768008c115f46696c6573797374656d53796e6365729493942981947d94286819682068114d2c0168124d08078c116c6173745f73796e635f75705f74696d659447fff00000000000008c136c6173745f73796e635f646f776e5f74696d659447fff00000000000008c0d5f73796e635f70726f63657373944e8c0c5f63757272656e745f636d64944e75628c0a5f74696d657374616d70948c13323032342d30362d32375f31312d31342d35379475622e\"\n  },\n  \"config\": {\n    \"train_loop_config\": {\n      \"batch_size\": 256,\n      \"lr\": 0.20447094840080243,\n      \"data_dir\": \"/p/project1/intertwin/ruettgers1/HPO/itwinai/tutorials/hpo/torch-tutorial-0-basics/datasets/\"\n    }\n  },\n  \"_Trial__unresolved_config\": {\n    \"train_loop_config\": {\n      \"batch_size\": 256,\n      \"lr\": 0.20447094840080243,\n      \"data_dir\": \"/p/project1/intertwin/ruettgers1/HPO/itwinai/tutorials/hpo/torch-tutorial-0-basics/datasets/\"\n    }\n  },\n  \"evaluated_params\": {\n    \"train_loop_config/batch_size\": 256,\n    \"train_loop_config/lr\": 0.20447094840080243,\n    \"train_loop_config/data_dir\": \"/p/project1/intertwin/ruettgers1/HPO/itwinai/tutorials/hpo/torch-tutorial-0-basics/datasets/\"\n  },\n  \"experiment_tag\": \"0_batch_size=256,data_dir=p_project1_intertwin_ruettgers1_HPO_itwinai_tutorials_hpo_torch-tutorial-0-basics_datasets,lr=0.2045\",\n  \"stopping_criterion\": {\n    \"training_iteration\": 2\n  },\n  \"_setup_default_resource\": true,\n  \"_default_placement_group_factory\": \"80054e2e\",\n  \"placement_group_factory\": \"800595d9000000000000008c237261792e74756e652e657865637574696f6e2e706c6163656d656e745f67726f757073948c15506c6163656d656e7447726f7570466163746f72799493942981947d94288c085f62756e646c6573945d94287d94288c034350559447403f0000000000008c0347505594473ff0000000000000757d94288c034350559447403e0000000000006809473ff000000000000075658c155f686561645f62756e646c655f69735f656d70747994888c095f7374726174656779948c045041434b948c055f6172677394298c075f6b7761726773947d9475622e\",\n  \"log_to_file\": [\n    null,\n    null\n  ],\n  \"max_failures\": 0,\n  \"_default_result_or_future\": null,\n  \"export_formats\": [],\n  \"status\": \"PENDING\",\n  \"relative_logdir\": \"TorchTrainer_b9706_00000_0_batch_size=256,data_dir=p_project1_intertwin_ruettgers1_HPO_itwinai_tutorials_hpo_torch-tutorial-0-basi_2024-06-27_11-14-58\",\n  \"trial_name_creator\": null,\n  \"trial_dirname_creator\": null,\n  \"custom_trial_name\": null,\n  \"custom_dirname\": null,\n  \"restore_path\": null,\n  \"_restore_checkpoint_result\": null,\n  \"_state_json\": null,\n  \"results\": \"80054e2e\",\n  \"extra_arg\": \"80054e2e\",\n  \"_resources\": \"80054e2e\"\n}", "{\n  \"start_time\": null,\n  \"num_failures\": 0,\n  \"num_failures_after_restore\": 0,\n  \"error_filename\": null,\n  \"pickled_error_filename\": null,\n  \"last_result\": {},\n  \"last_result_time\": -Infinity,\n  \"metric_analysis\": {},\n  \"_n_steps\": [\n    5,\n    10\n  ],\n  \"metric_n_steps\": {},\n  \"checkpoint_manager\": {\n    \"_type\": \"CLOUDPICKLE_FALLBACK\",\n    \"value\": \"80059584010000000000008c267261792e747261696e2e5f696e7465726e616c2e636865636b706f696e745f6d616e61676572948c125f436865636b706f696e744d616e616765729493942981947d94288c125f636865636b706f696e745f636f6e666967948c097261792e747261696e948c10436865636b706f696e74436f6e6669679493942981947d94288c0b6e756d5f746f5f6b656570944e8c1a636865636b706f696e745f73636f72655f617474726962757465944e8c16636865636b706f696e745f73636f72655f6f72646572948c036d6178948c14636865636b706f696e745f6672657175656e6379944b008c11636865636b706f696e745f61745f656e6494898c1a5f636865636b706f696e745f6b6565705f616c6c5f72616e6b73948c0a44455052454341544544948c1f5f636865636b706f696e745f75706c6f61645f66726f6d5f776f726b65727394681275628c135f636865636b706f696e745f726573756c7473945d948c195f6c61746573745f636865636b706f696e745f726573756c74944e75622e\"\n  }\n}"]], "runner_data": {"_earliest_stopping_actor": Infinity, "_actor_cleanup_timeout": 600, "_actor_force_cleanup_timeout": 10, "_reuse_actors": false, "_buffer_length": 1, "_buffer_min_time_s": 0.0, "_buffer_max_time_s": 100.0, "_max_pending_trials": 1, "_metric": "test_acc", "_total_time": 0, "_iteration": 1300, "_has_errored": false, "_fail_fast": false, "_print_trial_errors": true, "_cached_trial_decisions": {}, "_queued_trial_decisions": {}, "_should_stop_experiment": false, "_stopper": {"_type": "CLOUDPICKLE_FALLBACK", "value": "8005952c000000000000008c157261792e74756e652e73746f707065722e6e6f6f70948c0b4e6f6f7053746f707065729493942981942e"}, "_start_time": 1719479698.258369, "_session_str": "2024-06-27_11-14-58", "_checkpoint_period": "auto", "_trial_checkpoint_config": {"_type": "CLOUDPICKLE_FALLBACK", "value": "800595f2000000000000008c097261792e747261696e948c10436865636b706f696e74436f6e6669679493942981947d94288c0b6e756d5f746f5f6b656570944e8c1a636865636b706f696e745f73636f72655f617474726962757465944e8c16636865636b706f696e745f73636f72655f6f72646572948c036d6178948c14636865636b706f696e745f6672657175656e6379944b008c11636865636b706f696e745f61745f656e6494898c1a5f636865636b706f696e745f6b6565705f616c6c5f72616e6b73948c0a44455052454341544544948c1f5f636865636b706f696e745f75706c6f61645f66726f6d5f776f726b65727394680c75622e"}, "_resumed": false}, "stats": {"start_time": 1719479698.258369}}