,time,start_cpu_percent,end_cpu_percent,start_mem_rss,end_mem_rss,start_mem_vms,end_mem_vms,start_mem_uss,end_mem_uss
0,23.23402762413025,108.9,318.5,2843.23046875,3435.98828125,73750.66796875,71973.78125,2.39453125,2.39453125
