epoch,loss,mae,val_loss,val_mae
0,8.108481407165527,8.108481407165527,8.6370210647583,8.6370210647583
